{"cameraMode":{"drawMode":0,"name":"Shaded","section":"Shading Mode"},"sceneLighting":false,"audioPlay":false,"sceneViewState":{"m_AlwaysRefresh":false,"showFog":true,"showSkybox":false,"showFlares":true,"showImageEffects":true,"showParticleSystems":true,"showVisualEffectGraphs":true,"m_FxEnabled":true},"in2DMode":false,"pivot":{"x":1.8022689819335938,"y":1.6899998188018799,"z":1.0313849449157715},"rotation":{"x":0.2833496332168579,"y":0.49679720401763918,"z":-0.17567959427833558,"w":0.8012795448303223},"size":4.925361633300781,"orthographic":false}